<operator>
    <name>com.acme.NdviOp</name>
    <alias>py_ndvi_op</alias>
    <operatorClass>org.esa.beam.framework.gpf.jpy.PyOperator</operatorClass>

    <description>Just an example</description>

    <namedSourceProducts>
        <sourceProduct>
            <name>sourceomat</name>
        </sourceProduct>
    </namedSourceProducts>

    <parameters>
        <parameter>
            <name>a</name>
            <dataType>double</dataType>
            <defaultValue>1.3</defaultValue>
        </parameter>
        <parameter>
            <name>b</name>
            <dataType>double</dataType>
            <defaultValue>0.98</defaultValue>
        </parameter>
        <parameter>
            <name>mask</name>
            <dataType>java.lang.String</dataType>
            <defaultValue>not l1_flags.INVALID</defaultValue>
        </parameter>
    </parameters>

</operator>